time,latitude,longitude,depth,mag,magType,nst,gap,dmin,rms,net,id,updated,place,type,horizontalError,depthError,magError,magNst,status,locationSource,magSource
2026-08-27T20:39:27.600Z,38.829498291016,-122.80183410644,1.75,1.08,md,19,37,0.008864,0.02,nc,nc75426087,2026-08-27T20:41:06.135Z,"7 km W of Cobb, CA",earthquake,0.2,0.439999998,0.2,19,automatic,nc,nc
2026-08-27T20:32:58.210Z,34.064333333333,-117.28233333333,15.59,1.03,ml,40,59,0.09834,0.15,ci,ci41537768,2026-08-27T20:42:51.023Z,"3 km NW of Loma Linda, CA",earthquake,0.18,0.26,0.23958697362989,26,reviewed,ci,ci
2026-08-27T20:30:51.558Z,31.65,-104.43,7.9636,1.5,ml,14,168,0,0.7,tx,tx2026qwlptw,2026-08-27T20:32:55.667Z,"58 km S of Whites City, New Mexico",earthquake,0,3.5403504371643,0.2,12,automatic,tx,tx
2026-08-27T20:26:01.930Z,36.023833333333,-117.77316666667,1.59,0.8,ml,18,64,0.006555,0.09,ci,ci41537744,2026-08-27T20:43:06.713Z,"15 km NE of Little Lake, CA",earthquake,0.12,0.13,0.16152175147263,11,reviewed,ci,ci
2026-08-27T20:21:37.600Z,38.814834594727,-122.81216430664,2.6900000572205,0.81,md,8,82,0.008702,0.01,nc,nc75426077,2026-08-27T20:23:16.006Z,"6 km NW of The Geysers, CA",earthquake,0.76,1.55999994,0.09,9,automatic,nc,nc
2026-08-27T20:20:45.270Z,36.0685,-117.84316666667,2.21,0.55,ml,11,101,0.04989,0.07,ci,ci41537736,2026-08-27T20:44:09.320Z,"10 km ENE of Coso Junction, CA",earthquake,0.15,0.17,0.12904550622097,3,automatic,ci,ci
2026-08-27T20:11:46.721Z,35.9385,-115.187,5.9518,2.38,ml,12,170,0.345,0.3001,nn,nn00923924,2026-08-27T20:15:33.521Z,"10 km SSE of Enterprise, Nevada",earthquake,,3.1166,0.68,6,automatic,nn,nn
2026-08-27T20:03:04.000Z,33.830833435059,-117.66983032227,3.6199998855591,1.554043920784,ml,15,93,0.06177,0.140000001,ci,ci41537720,2026-08-27T20:05:45.568Z,"10 km WSW of Corona, CA",earthquake,0.63,1.66999996,0.2980332672596,25,automatic,ci,ci
2026-08-27T20:03:03.730Z,33.84700012207,-117.67949676514,2.8599998950958,1.9669610876824,ml,31,104,0.03305,0.200000003,ci,ci41537712,2026-08-27T20:06:05.568Z,"11 km WSW of Corona, CA",earthquake,0.4,0.469999999,0.47030219435692,6,automatic,ci,ci
2026-08-27T20:01:50.962Z,62.049,-150.957,75.6,1.7,ml,14,101,0.3,0.3,ak,aka2026qzdhis,2026-08-27T20:03:01.680Z,"23 km ENE of Skwentna, Alaska",earthquake,7.1,5.7048,0.2,4,automatic,ak,ak
2026-08-27T19:53:50.480Z,36.064333333333,-117.83533333333,2.75,0.89,ml,12,107,0.05544,0.09,ci,ci41537704,2026-08-27T20:43:38.519Z,"10 km ENE of Coso Junction, CA",earthquake,0.17,0.68,0.13573673654075,6,reviewed,ci,ci
2026-08-27T19:53:29.880Z,38.842334747315,-122.87733459473,2.5999999046326,0.62,md,8,141,0.007194,0.01,nc,nc75426062,2026-08-27T20:22:24.340Z,"13 km NW of The Geysers, CA",earthquake,0.59,0.779999971,0.13,8,automatic,nc,nc
2026-08-27T19:47:01.390Z,46.941,-122.009,8.35,-0.3,md,11,94,0.01794,0.09,uw,uw714089261,2026-08-27T20:32:44.160Z,"15 km SSE of Carbonado, Washington",earthquake,0.4,0.47,0.22039213840331,11,reviewed,uw,uw
2026-08-27T19:43:18.360Z,38.515,-112.8935,3.06,1.29,md,15,134,0.005916,0.12,uu,uu80150811,2026-08-27T20:03:12.450Z,"16 km NE of Milford, Utah",earthquake,0.48,0.42,0.41037503469589,6,reviewed,uu,uu
2026-08-27T19:39:59.220Z,36.064833333333,-117.83816666667,2.7,0.88,ml,20,63,0.05435,0.11,ci,ci41537688,2026-08-27T20:15:31.252Z,"10 km ENE of Coso Junction, CA",earthquake,0.16,0.54,0.22708872380136,9,reviewed,ci,ci
2026-08-27T19:38:26.784Z,31.628,-104.45,3.9733,2.1,ml,29,74,0.1,0.4,tx,tx2026qwjwza,2026-08-27T19:44:51.348Z,"61 km S of Whites City, New Mexico",earthquake,0,1.1766446828842,0.1,21,automatic,tx,tx
2026-08-27T19:35:01.248Z,31.626,-104.453,3.716,2.3,ml,32,75,0.1,0.3,tx,tx2026qwjtvq,2026-08-27T20:01:05.156Z,"61 km S of Whites City, New Mexico",earthquake,0,1.2642666101456,0.1,16,automatic,tx,tx
2026-08-27T19:34:22.596Z,57.964,-154.632,67.4,1,ml,19,92,0.2,0.5,ak,aka2026qzcjnj,2026-08-27T19:35:21.640Z,"45 km NNW of Karluk, Alaska",earthquake,6.8,4.0274,0,5,automatic,ak,ak
2026-08-27T19:33:32.730Z,17.951333333333,-67.0655,7.77,2.61,md,6,241,0.02709,0.06,pr,pr71530088,2026-08-27T20:35:13.010Z,"3 km SW of La Parguera, Puerto Rico",earthquake,0.75,0.26,0.15781867854971,5,reviewed,pr,pr
2026-08-27T19:25:56.299Z,58.159,-156.402,0.3,1.6,ml,30,121,0.3,0.6,ak,aka2026qzccfb,2026-08-27T19:28:25.907Z,"57 km E of Egegik, Alaska",earthquake,4.5,4.2759,0.1,20,automatic,ak,ak
2026-08-27T19:07:22.620Z,38.782333374023,-122.73100280762,0.050000000745058,1.09,md,8,117,0.004562,0.08,nc,nc75426037,2026-08-27T19:47:27.089Z,"2 km ENE of The Geysers, CA",earthquake,0.34,0.610000014,0.09,7,automatic,nc,nc
2026-08-27T19:06:21.320Z,38.786167144775,-122.74333190918,1.5099999904633,2.17,md,46,45,0.005935,0.07,nc,nc75426032,2026-08-27T19:32:22.982Z,"2 km NE of The Geysers, CA",earthquake,0.19,0.25999999,0.15,48,automatic,nc,nc
2026-08-27T18:58:09.210Z,38.786998748779,-122.74533081055,1.4099999666214,1.76,md,31,50,0.007704,0.04,nc,nc75426022,2026-08-27T19:17:24.881Z,"1 km NE of The Geysers, CA",earthquake,0.25,0.300000012,0.13,36,automatic,nc,nc
2026-08-27T18:55:46.971Z,31.659,-104.425,6.9469,2.6,ml,41,71,0,0.4,tx,tx2026qwimff,2026-08-27T19:00:44.916Z,"57 km S of Whites City, New Mexico",earthquake,0,1.945645570755,0.1,31,automatic,tx,tx
2026-08-27T18:52:29.170Z,34.995833333333,-118.19233333333,-0.54,1.13,ml,28,52,0.1205,0.3,ci,ci41537664,2026-08-27T18:55:56.551Z,"7 km SSW of Mojave, CA",earthquake,0.37,0.86,0.093092903801139,12,automatic,ci,ci
2026-08-27T18:43:40.284Z,6.0157,125.6536,10,4.9,mb,69,103,1.05,1.15,us,us7000tcdu,2026-08-27T19:58:01.040Z,"3 km WNW of Mangili, Philippines",earthquake,9.9,1.878,0.057,97,reviewed,us,us
2026-08-27T18:42:58.060Z,38.839500427246,-122.83616638184,2.1800000667572,0.6,md,9,110,0.01815,0.01,nc,nc75426017,2026-08-27T20:37:21.440Z,"10 km NW of The Geysers, CA",earthquake,0.35,0.980000019,0.37,10,automatic,nc,nc
2026-08-27T18:39:49.920Z,34.159,-118.368,13.92,1.71,ml,64,40,0.01871,0.22,ci,ci41537648,2026-08-27T18:51:00.970Z,"2 km SSE of North Hollywood, CA",earthquake,0.22,0.32,0.17129856032545,28,automatic,ci,ci
2026-08-27T18:37:51.231Z,63.632,-150.699,2.5,3,ml,76,27,0.5,1.4,ak,aka2026qzamnb,2026-08-27T19:51:34.040Z,"51 km E of Denali National Park, Alaska",earthquake,2.8,2.2209,0.2,5,automatic,ak,ak
2026-08-27T18:34:59.110Z,33.523,-116.56266666667,13.32,0.67,ml,26,62,0.04323,0.12,ci,ci41537632,2026-08-27T18:38:29.432Z,"11 km ESE of Anza, CA",earthquake,0.19,0.37,0.15565381783846,17,automatic,ci,ci
2026-08-27T18:15:46.654Z,60.409,-152.309,87.6,2,ml,59,56,0.2,0.4,ak,aka2026qyztji,2026-08-27T18:38:23.918Z,"53 km NW of Ninilchik, Alaska",earthquake,3.9,2.1099,0.2,31,automatic,ak,ak
2026-08-27T18:15:08.097Z,30.818,-103.527,0.9175,1.6,ml,6,244,0.3,1.3,tx,tx2026qwhdej,2026-08-27T18:17:19.152Z,"27 km SE of Balmorhea, Texas",earthquake,0,6.7848463058472,0.7,6,automatic,tx,tx
2026-08-27T18:03:11.720Z,38.5175,-112.89283333333,2.49,1.44,ml,16,46,0.00831,0.07,uu,uu80150801,2026-08-27T18:38:11.830Z,"16 km NE of Milford, Utah",earthquake,0.23,0.35,0.24694199987431,3,reviewed,uu,uu
2026-08-27T18:02:57.824Z,60.302,-152.328,95.5,1,ml,33,60,0.3,0.4,ak,aka2026qyzigg,2026-08-27T18:04:05.698Z,"46 km NW of Ninilchik, Alaska",earthquake,5.2,2.7547,0.1,6,automatic,ak,ak
2026-08-27T18:02:48.259Z,55.943,-135.476,1.6,2.6,ml,13,240,1.1,0.8,ak,aka2026qyzidg,2026-08-27T18:24:07.040Z,"62 km SW of Port Alexander, Alaska",earthquake,11,3.3572,0.1,11,automatic,ak,ak
2026-08-27T18:01:08.460Z,38.773498535156,-122.72883605957,2.1500000953674,1.4,md,15,70,0.01151,0.04,nc,nc75426002,2026-08-27T20:07:23.232Z,"2 km E of The Geysers, CA",earthquake,0.32,0.469999999,0.12,16,automatic,nc,nc
2026-08-27T17:49:47.237Z,61.659,-151.472,77.4,2,ml,34,101,0.2,0.6,ak,aka2026qyywvy,2026-08-27T18:07:34.809Z,"37 km S of Skwentna, Alaska",earthquake,5.8,3.374,0.2,7,automatic,ak,ak
2026-08-27T17:40:41.549Z,-17.5572,-69.6195,141.956,4.5,mb,64,87,0.137,1.21,us,us7000tcc3,2026-08-27T18:48:26.040Z,"42 km E of Estique, Peru",earthquake,7.62,5.9,0.08,45,reviewed,us,us
2026-08-27T17:28:05.100Z,33.359666666667,-116.8535,13.79,0.62,ml,29,61,0.009754,0.13,ci,ci41537608,2026-08-27T20:21:22.396Z,"1 km ENE of Palomar Observatory, CA",earthquake,0.18,0.5,0.13786728618128,11,reviewed,ci,ci
2026-08-27T17:23:23.348Z,-3.1421,-79.8986,47.59,4.1,mb,18,170,0.437,0.9,us,us7000tcc0,2026-08-27T17:56:17.884Z,"14 km NNE of Machala, Ecuador",earthquake,5.79,11.848,0.185,8,reviewed,us,us
2026-08-27T17:21:21.540Z,19.158833333333,-155.54133333333,-0.32,1.62,ml,17,122,0.07497,0.21,hv,hv75024967,2026-08-27T18:42:48.440Z,"8 km SW of Pāhala, Hawaii",earthquake,0.47,0.39,0.26845497992991,5,reviewed,hv,hv
2026-08-27T17:16:29.470Z,38.516166666667,-112.88766666667,2.3,1.42,md,9,110,0.01001,0.05,uu,uu80150796,2026-08-27T18:48:40.850Z,"17 km NE of Milford, Utah",earthquake,0.27,0.48,0.49832705505685,3,reviewed,uu,uu
2026-08-27T17:09:28.808Z,-3.3927,-80.6517,38.443,4.1,mb,27,164,0.604,0.87,us,us7000tcbz,2026-08-27T17:37:25.040Z,"29 km NW of Tumbes, Peru",earthquake,6.58,11.469,0.136,15,reviewed,us,us
2026-08-27T17:07:53.370Z,33.485666666667,-116.43816666667,7.34,0.01,ml,9,121,0.1374,0.1,ci,ci10250734,2026-08-27T20:35:43.560Z,"23 km SSW of La Quinta, CA",earthquake,0.26,1.39,0.14399823272816,6,reviewed,ci,ci
2026-08-27T17:07:21.380Z,33.558833333333,-116.6615,9.55,0.26,ml,19,50,0.02699,0.09,ci,ci41537592,2026-08-27T18:55:26.633Z,"1 km ENE of Anza, CA",earthquake,0.16,0.34,0.1383509208664,8,reviewed,ci,ci
2026-08-27T17:05:33.195Z,60.573,-150.763,52.4,2.6,ml,65,54,0.3,0.6,ak,aka2026qyxkno,2026-08-27T17:35:25.906Z,"3 km N of Sterling, Alaska",earthquake,2.4,4.6343,0.2,10,automatic,ak,ak
2026-08-27T17:02:17.931Z,31.695,-104.562,4.5618,1.6,ml,24,69,0,0.2,tx,tx2026qweqnb,2026-08-27T17:56:18.993Z,"56 km SSW of Whites City, New Mexico",earthquake,1.5025321917506,0.71492183574004,0.1,14,reviewed,tx,tx
2026-08-27T16:58:24.889Z,31.639,-104.474,8.4198,1.7,ml,27,68,0,0.3,tx,tx2026qweorg,2026-08-27T17:29:01.899Z,"60 km S of Whites City, New Mexico",earthquake,0.84243662253185,0.55221430192057,0.1,17,reviewed,tx,tx
2026-08-27T16:57:51.610Z,33.511666666667,-116.50233333333,12.81,0.45,ml,22,67,0.08514,0.14,ci,ci41537576,2026-08-27T20:11:40.211Z,"17 km ESE of Anza, CA",earthquake,0.27,0.5,0.070019904152476,7,reviewed,ci,ci
2026-08-27T16:49:48.636Z,31.71,-103.972,7.8302,0.9,ml,22,64,0,0.2,tx,tx2026qwehmx,2026-08-27T17:13:41.999Z,"35 km W of Mentone, Texas",earthquake,0.63134451615169,0.55649590433129,0.2,17,reviewed,tx,tx
2026-08-27T16:48:34.310Z,33.684166666667,-116.79733333333,15.81,1.04,ml,52,27,0.07438,0.15,ci,ci41537560,2026-08-27T16:58:51.620Z,"10 km SW of Idyllwild, CA",earthquake,0.15,0.29,0.23877670446667,27,automatic,ci,ci
2026-08-27T16:42:34.490Z,43.480666666667,-123.40483333333,-0.42,1.47,ml,9,95,0.1837,0.16,uw,uw714088272,2026-08-27T17:33:51.910Z,"10 km NW of Oakland, Oregon",explosion,0.39,31.61,0.039918422228135,3,reviewed,uw,uw
2026-08-27T16:23:17.800Z,38.517166666667,-112.89016666667,2.32,1.24,md,11,113,0.00924,0.05,uu,uu80150791,2026-08-27T18:53:15.260Z,"17 km NE of Milford, Utah",earthquake,0.31,0.5,0.86099142494705,5,reviewed,uu,uu
2026-08-27T16:21:09.510Z,32.099,-101.922,9.3506,1,ml,31,73,0.1,0.1,tx,tx2026qwdixd,2026-08-27T17:35:35.415Z,"13 km WSW of Stanton, Texas",earthquake,0.35033455404122,0.61701514022368,0.2,15,reviewed,tx,tx
2026-08-27T16:14:05.625Z,32.086,-102.209,9.2529,1.4,ml,46,50,0,0.2,tx,tx2026qwdcwr,2026-08-27T17:24:41.968Z,"15 km NW of Midland, Texas",earthquake,0.68546520128854,0.86375421177415,0.2,27,reviewed,tx,tx
2026-08-27T15:57:47.780Z,33.963166666667,-116.9615,8.3,1.29,ml,61,23,0.1318,0.15,ci,ci41537544,2026-08-27T16:08:30.380Z,"4 km NNE of Beaumont, CA",earthquake,0.11,0.57,0.28694281984136,27,automatic,ci,ci
2026-08-27T15:52:18.440Z,38.509166666667,-112.893,2.33,0.99,md,11,142,0.003995,0.11,uu,uu80150776,2026-08-27T18:51:02.600Z,"16 km NE of Milford, Utah",earthquake,0.37,0.41,0.4402346625844,4,reviewed,uu,uu
2026-08-27T15:48:01.900Z,33.242833333333,-116.0665,4.34,0.98,ml,38,55,0.07712,0.23,ci,ci41537536,2026-08-27T15:51:28.582Z,"12 km WSW of Salton City, CA",earthquake,0.2,0.77,0.099746692992883,24,automatic,ci,ci
2026-08-27T15:45:19.140Z,36.82016667,-97.70416667,7.16,1.3,ml,36,79,0.1286747496,0.16,ok,ok2026quax,2026-08-27T16:08:52.692Z,"3 km ENE of Medford, Oklahoma",earthquake,,0.6,0.21,15,reviewed,ok,ok
2026-08-27T15:44:50.040Z,48.818166666667,-116.88116666667,-1.07,1.54,md,6,281,0.2889,0.28,uw,uw714088222,2026-08-27T17:25:31.030Z,"36 km E of Metaline Falls, Washington",explosion,2,31.61,0.32990887020124,2,reviewed,uw,uw
2026-08-27T15:44:46.250Z,38.519,-112.893,2.06,0.79,ml,13,116,0.009597,0.08,uu,uu80150771,2026-08-27T16:07:21.210Z,"17 km NE of Milford, Utah",earthquake,0.26,0.44,0.040869506906988,2,reviewed,uu,uu
2026-08-27T15:42:23.160Z,38.512833333333,-112.8905,2.73,1.22,ml,18,90,0.006387,0.07,uu,uu80150766,2026-08-27T18:40:39.650Z,"16 km NE of Milford, Utah",earthquake,0.27,0.24,0.015190601025113,2,reviewed,uu,uu
2026-08-27T15:39:24.463Z,57.926,-155.879,16.2,0.8,ml,11,170,0.2,0.3,ak,aka2026qyunul,2026-08-27T15:40:06.362Z,"93 km WNW of Karluk, Alaska",earthquake,14.9,10.5358,0.2,4,automatic,ak,ak
2026-08-27T15:36:05.076Z,8.6667,-71.214,10,3.5,ml,7,144,0.612,0.8,us,us7000tca4,2026-08-27T16:53:32.737Z,"10 km NW of Mérida, Venezuela",earthquake,4.89,2.005,0.097,14,reviewed,us,us
2026-08-27T15:32:49.200Z,38.775165557861,-122.72766876221,1.5599999427795,1.11,md,9,70,0.01073,0.02,nc,nc75425982,2026-08-27T16:52:20.876Z,"3 km E of The Geysers, CA",earthquake,0.33,0.74000001,0.28,10,automatic,nc,nc
2026-08-27T15:26:28.630Z,38.511833333333,-112.89266666667,2.17,1.14,md,17,90,0.004432,0.06,uu,uu80150761,2026-08-27T18:34:18.260Z,"16 km NE of Milford, Utah",earthquake,0.21,0.26,0.29200903656145,8,reviewed,uu,uu
2026-08-27T15:19:02.790Z,38.79683303833,-122.81400299072,3.329999923706,0.83,md,12,99,0.01688,0.02,nc,nc75425977,2026-08-27T16:27:21.714Z,"5 km WNW of The Geysers, CA",earthquake,0.38,0.959999979,0.35,13,automatic,nc,nc
2026-08-27T14:57:50.840Z,38.512,-112.88983333333,2.5,1,md,15,90,0.006594,0.05,uu,uu80150741,2026-08-27T18:25:07.320Z,"16 km NE of Milford, Utah",earthquake,0.26,0.25,0.59032159021321,6,reviewed,uu,uu
2026-08-27T14:52:36.651Z,32.096,-102.226,6.0303,0.9,ml,21,83,0,0.2,tx,tx2026qwakat,2026-08-27T18:01:00.782Z,"16 km ENE of Gardendale, Texas",earthquake,1.117542550195,1.2044432013051,0.2,13,reviewed,tx,tx
2026-08-27T14:48:52.845Z,31.794,-103.737,9.1376,2.8,ml,48,41,0.1,0.2,tx,tx2026qwahjm,2026-08-27T15:15:23.754Z,"16 km NW of Mentone, Texas",earthquake,0.34337041741425,0.48296968641856,0.1,27,reviewed,tx,tx
2026-08-27T14:47:51.810Z,36.063166666667,-117.84366666667,3.13,0.86,ml,16,67,0.05505,0.1,ci,ci41537520,2026-08-27T18:05:57.370Z,"10 km ENE of Coso Junction, CA",earthquake,0.15,0.33,0.1786869160136,15,reviewed,ci,ci
2026-08-27T14:45:48.054Z,33.2423,86.9395,10,5,mb,75,53,11.429,0.85,us,us7000tc9m,2026-08-27T15:06:59.040Z,"western Xizang",earthquake,9.17,1.792,0.053,118,reviewed,us,us
2026-08-27T14:30:20.017Z,53.0654,-163.4304,10,4.8,mb,89,133,1.623,0.89,us,us7000tc9g,2026-08-27T17:59:52.191Z,"195 km SE of Akutan, Alaska",earthquake,5.21,1.869,0.039,205,reviewed,us,us
2026-08-27T14:10:21.910Z,38.507166666667,-112.88933333333,2.56,0.51,md,11,114,0.005966,0.06,uu,uu80150716,2026-08-27T18:20:03.900Z,"16 km NE of Milford, Utah",earthquake,0.42,0.26,0.49222059276153,4,reviewed,uu,uu
2026-08-27T14:05:30.161Z,31.471,-103.675,2.823,1.8,ml,4,195,0.2,0.7,tx,tx2026qvyspu,2026-08-27T14:08:59.484Z,"17 km NW of Lindsay, Texas",earthquake,0,5.2859239578247,0.7,4,automatic,tx,tx
2026-08-27T14:02:34.571Z,61.694,-150.811,61.7,1.7,ml,6,234,0.4,0.3,ak,aka2026qyrhvu,2026-08-27T14:03:35.488Z,"23 km NW of Susitna, Alaska",earthquake,60.8,18.7937,0.1,4,automatic,ak,ak
2026-08-27T14:00:35.990Z,35.990501403809,-120.54599761963,2.420000076294,0.64,md,12,97,0.02035,0.05,nc,nc75425937,2026-08-27T15:57:24.594Z,"15 km NW of Parkfield, CA",earthquake,0.36,0.819999993,0.26,3,automatic,nc,nc
2026-08-27T13:55:48.390Z,36.696834564209,-121.38549804688,-0.38999998569488,1.26,md,7,109,0.03308,0.21,nc,nc75425932,2026-08-27T15:32:20.347Z,"12 km SSW of Tres Pinos, CA",earthquake,0.68,2.63000011,0.13,6,automatic,nc,nc
2026-08-27T13:54:21.859Z,61.26,-152.18,21,0.9,ml,9,101,0.1,0.4,ak,aka2026qyrasv,2026-08-27T13:55:11.598Z,"60 km WNW of Tyonek, Alaska",earthquake,10.6,7.8932,0.1,7,automatic,ak,ak
2026-08-27T13:52:48.768Z,61.174,-152.067,20.4,0.6,ml,6,245,0,0.1,ak,aka2026qyqzjh,2026-08-27T13:53:32.738Z,"51 km WNW of Tyonek, Alaska",earthquake,54.7,27.3604,0.2,5,automatic,ak,ak
2026-08-27T13:24:00.390Z,38.519,-112.88566666667,2.26,0.95,md,12,178,0.006846,0.06,uu,uu80150696,2026-08-27T13:41:16.180Z,"17 km NE of Milford, Utah",earthquake,0.32,0.34,0.50344061871654,5,reviewed,uu,uu
2026-08-27T13:20:53.130Z,38.511333333333,-112.891,2.74,1.26,md,18,90,0.005546,0.07,uu,uu80150686,2026-08-27T19:07:10.110Z,"16 km NE of Milford, Utah",earthquake,0.3,0.3,0.49115344812845,9,reviewed,uu,uu
2026-08-27T13:20:26.852Z,60.222,-140.956,19,1.6,ml,8,303,0.2,0.2,ak,aka2026qypxhr,2026-08-27T13:21:36.838Z,"101 km NW of Yakutat, Alaska",earthquake,32.6,5.2222,0.2,4,automatic,ak,ak
2026-08-27T13:19:23.830Z,38.518166666667,-112.887,2.06,1.88,md,13,70,0.006892,0.06,uu,uu80007923,2026-08-27T19:18:13.550Z,"17 km NE of Milford, Utah",earthquake,0.42,0.44,0.29047441852285,3,reviewed,uu,uu
2026-08-27T13:19:20.220Z,38.514,-112.8815,2.94,1.15,md,10,104,0.0008988,0.11,uu,uu80150681,2026-08-27T19:11:49.270Z,"17 km NE of Milford, Utah",earthquake,0.46,0.58,0.43442824740365,4,reviewed,uu,uu
2026-08-27T13:16:45.730Z,33.674666666667,-116.7525,14,0.48,ml,23,67,0.04844,0.09,ci,ci41537504,2026-08-27T13:41:59.037Z,"8 km SSW of Idyllwild, CA",earthquake,0.19,0.34,0.14089249220598,6,reviewed,ci,ci
2026-08-27T13:12:52.910Z,38.813835144043,-122.78483581543,1.1699999570847,0.92,md,10,64,0.003293,0.02,nc,nc75425927,2026-08-27T15:07:21.183Z,"5 km NNW of The Geysers, CA",earthquake,0.44,0.660000026,0.31,11,automatic,nc,nc
2026-08-27T13:10:29.720Z,38.509,-112.88916666667,2.52,1.17,ml,19,72,0.006971,0.06,uu,uu80150676,2026-08-27T18:15:25.720Z,"16 km NE of Milford, Utah",earthquake,0.22,0.26,0.049702360165452,2,reviewed,uu,uu
2026-08-27T13:07:36.680Z,38.837333679199,-122.83533477783,1.5099999904633,0.49,md,12,78,0.001259,0.02,nc,nc75425922,2026-08-27T14:37:22.966Z,"10 km NW of The Geysers, CA",earthquake,0.28,0.639999986,0.28,12,automatic,nc,nc
2026-08-27T13:03:38.250Z,38.511833333333,-112.89283333333,2.3,1.79,ml,18,47,0.004311,0.07,uu,uu80150671,2026-08-27T13:14:43.550Z,"16 km NE of Milford, Utah",earthquake,0.21,0.45,0.066576934944592,7,reviewed,uu,uu
2026-08-27T12:52:20.840Z,38.510166666667,-112.89,2.15,1.77,ml,15,48,0.006214,0.09,uu,uu80150666,2026-08-27T13:44:43.660Z,"16 km NE of Milford, Utah",earthquake,0.31,0.59,0.12423147843253,4,reviewed,uu,uu
2026-08-27T12:46:12.710Z,38.769664764404,-122.7320022583,2.7799999713898,0.39,md,6,129,0.009805,0.01,nc,nc75425917,2026-08-27T14:12:23.798Z,"2 km ESE of The Geysers, CA",earthquake,0.65,1.07000005,0.21,7,automatic,nc,nc
2026-08-27T12:40:14.880Z,33.648,-116.92433333333,12.68,1.1,ml,59,29,0.03898,0.18,ci,ci41537496,2026-08-27T13:36:02.710Z,"11 km SSW of Valle Vista, CA",earthquake,0.15,0.34,0.233426938441,27,reviewed,ci,ci
2026-08-27T12:26:47.080Z,38.512,-112.89016666667,2.91,1.4,ml,22,48,0.006343,0.08,uu,uu80150646,2026-08-27T17:44:38.540Z,"16 km NE of Milford, Utah",earthquake,0.22,0.26,0.020623072172013,2,reviewed,uu,uu
2026-08-27T12:21:14.430Z,38.798831939697,-122.9803314209,4.4200000762939,1.52,md,25,79,0.04,0.04,nc,nc75425902,2026-08-27T13:17:26.438Z,"3 km ESE of Cloverdale, CA",earthquake,0.28,0.699999988,0.22,25,automatic,nc,nc
2026-08-27T12:16:16.620Z,19.168832778931,-155.48500061035,28.729999542236,1.83,md,35,158,0.08022,0.140000001,hv,hv75024827,2026-08-27T12:20:01.920Z,"3 km S of Pāhala, Hawaii",earthquake,0.88,1.05999994,0.14122965924055,14,automatic,hv,hv
2026-08-27T12:13:40.080Z,38.813167572021,-122.81216430664,3.9800000190735,0.49,md,7,146,0.01397,0.01,nc,nc75425897,2026-08-27T12:47:25.242Z,"6 km NW of The Geysers, CA",earthquake,1.13,1.75999999,0.34,8,automatic,nc,nc
2026-08-27T11:59:10.260Z,33.886,-116.857,15.26,0.97,ml,50,29,0.07208,0.15,ci,ci41537488,2026-08-27T13:37:08.250Z,"5 km SSE of Banning, CA",earthquake,0.14,0.38,0.20466340973928,27,reviewed,ci,ci
2026-08-27T11:58:04.530Z,38.516833333333,-112.88866666667,1.95,1.12,md,14,69,0.009827,0.07,uu,uu80150641,2026-08-27T14:06:32.920Z,"17 km NE of Milford, Utah",earthquake,0.25,0.37,0.47206989715303,8,reviewed,uu,uu
2026-08-27T11:47:16.381Z,-26.0744,70.7736,10,4.9,mb,31,89,27.393,0.58,us,us7000tc95,2026-08-27T12:05:26.040Z,"Indian Ocean Triple Junction",earthquake,8.78,1.854,0.11,26,reviewed,us,us
2026-08-27T11:43:06.180Z,19.173166275024,-155.49266052246,31.040000915527,2.11,md,50,100,0.03385,0.140000001,hv,hv75024802,2026-08-27T11:47:11.060Z,"3 km SSW of Pāhala, Hawaii",earthquake,0.59,0.50999999,0.13752749259202,13,automatic,hv,hv
2026-08-27T11:40:32.793Z,62.347,-150.055,14.3,1.7,ml,14,86,0.1,0.6,ak,aka2026qymorf,2026-08-27T11:41:51.641Z,"3 km NE of Talkeetna, Alaska",earthquake,4.3,2.7706,0.1,6,automatic,ak,ak
2026-08-27T11:31:53.275Z,60.127,-152.963,132,1.7,ml,34,130,0.1,0.5,ak,aka2026qymheu,2026-08-27T11:34:01.540Z,"71 km WNW of Happy Valley, Alaska",earthquake,5.3,2.8897,0.5,23,automatic,ak,ak
2026-08-27T11:27:33.870Z,38.510166666667,-112.8875,2.14,1.11,md,11,140,0.006242,0.05,uu,uu80150636,2026-08-27T17:39:46.410Z,"16 km NE of Milford, Utah",earthquake,0.3,0.31,0.16267474750227,3,reviewed,uu,uu
2026-08-27T11:25:53.206Z,31.792,-103.739,7.2662,1.3,ml,14,63,0.1,0.1,tx,tx2026qvtomm,2026-08-27T15:39:30.742Z,"16 km NW of Mentone, Texas",earthquake,0.39982156559837,0.77973488173854,0.2,18,reviewed,tx,tx
2026-08-27T11:22:33.793Z,64.776,-148.922,18.9,0.9,ml,8,153,0.2,0.3,ak,aka2026qylzce,2026-08-27T11:23:40.825Z,"21 km NNE of Four Mile Road, Alaska",earthquake,6,3.8997,0.3,4,automatic,ak,ak
2026-08-27T11:16:24.490Z,19.205333333333,-155.47716666667,35.03,2.21,ml,53,88,0.04752,0.13,hv,hv75024767,2026-08-27T18:28:39.430Z,"0 km NNE of Pāhala, Hawaii",earthquake,0.41,0.46,0.26904968144283,20,reviewed,hv,hv
2026-08-27T11:10:50.400Z,32.622333333333,-115.557,5.8,1.82,ml,33,70,0.07193,0.25,ci,ci41537480,2026-08-27T15:04:17.659Z,"5 km NNE of Progreso, B.C., MX",earthquake,0.29,0.59,0.20271134885663,33,reviewed,ci,ci
2026-08-27T10:57:57.780Z,35.711666666667,-117.51033333333,6.96,0.47,ml,21,61,0.08444,0.14,ci,ci41537472,2026-08-27T13:36:06.232Z,"11 km WSW of Searles Valley, CA",earthquake,0.24,0.56,0.055362493591974,7,reviewed,ci,ci
2026-08-27T10:54:10.020Z,38.509666666667,-112.88883333333,2.04,1.5,ml,25,48,0.007149,0.06,uu,uu80150621,2026-08-27T17:20:52.310Z,"16 km NE of Milford, Utah",earthquake,0.2,0.22,0.20360987809922,3,reviewed,uu,uu
2026-08-27T10:53:31.470Z,39.57816696167,-120.02633666992,6.9800000190735,1.92,md,11,82,0.05817,0.06,nc,nc75425892,2026-08-27T11:57:21.917Z,"9 km NW of Verdi-Mogul, NV",earthquake,0.39,0.860000014,0.28,7,automatic,nc,nc
2026-08-27T10:53:18.800Z,38.794834136963,-122.76349639893,1.6200000047684,0.81,md,9,93,0.006495,0.01,nc,nc75425887,2026-08-27T11:32:23.761Z,"2 km NNW of The Geysers, CA",earthquake,0.34,0.75,0.12,10,automatic,nc,nc
2026-08-27T10:33:24.325Z,-8.0324,120.0539,10,5.3,mb,64,44,3.013,1.17,us,us7000tc8j,2026-08-27T10:48:42.040Z,"54 km NNE of Labuan Bajo, Indonesia",earthquake,7.37,1.858,0.079,53,reviewed,us,us
2026-08-27T10:07:39.270Z,52.009,-176.15516666667,7.49,0.73,ml,5,269,0.003275,0.27,av,av93066309,2026-08-27T20:42:42.750Z,"36 km ENE of Adak, Alaska",earthquake,1.25,1.62,0.24311570265272,5,reviewed,av,av
2026-08-27T10:06:51.790Z,38.5105,-112.887,2.36,0.85,md,12,144,0.005735,0.06,uu,uu80150606,2026-08-27T17:13:21.440Z,"16 km NE of Milford, Utah",earthquake,0.25,0.29,0.51850495393118,6,reviewed,uu,uu
2026-08-27T10:05:03.286Z,60.021,-150.512,35.6,3.4,ml,208,98,0.3,1.2,ak,aka2026qyjins,2026-08-27T17:37:14.105Z,"30 km NE of Fox River, Alaska",earthquake,1.9,2.367,0.2,93,automatic,ak,ak
2026-08-27T10:00:12.940Z,38.511666666667,-112.8875,2.15,1.28,md,19,67,0.005621,0.07,uu,uu80150601,2026-08-27T13:14:02.880Z,"16 km NE of Milford, Utah",earthquake,0.22,0.26,0.2902993426262,8,reviewed,uu,uu
2026-08-27T09:33:59.785Z,51.4769,160.2665,10,4.5,mb,18,214,2.271,1.23,us,us7000tc8e,2026-08-27T10:59:19.040Z,"205 km SE of Vilyuchinsk, Russia",earthquake,7.91,1.964,0.135,16,reviewed,us,us
2026-08-27T09:19:50.590Z,34.098666666667,-116.7595,10.05,0.68,ml,44,36,0.07497,0.1,ci,ci41537464,2026-08-27T13:42:49.410Z,"17 km WNW of Morongo Valley, CA",earthquake,0.1,0.23,0.10944044541208,18,reviewed,ci,ci
2026-08-27T09:18:14.062Z,32.038,-102.255,7.959,1.5,ml,27,46,0,0.1,tx,tx2026qvping,2026-08-27T16:02:24.740Z,"11 km E of Gardendale, Texas",earthquake,0.49029685843778,0.59112662102652,0.1,7,reviewed,tx,tx
2026-08-27T09:16:11.900Z,60.050333333333,-153.04166666667,1.08,-0.76,ml,4,218,0.01306,0.1,av,av94405718,2026-08-27T20:32:13.190Z,"66 km ENE of Pedro Bay, Alaska",earthquake,1.02,0.31,0.33805444545949,4,reviewed,av,av
2026-08-27T09:04:02.460Z,19.553333282471,-155.7791595459,29.059999465942,1.71,md,6,256,0.08702,0.159999996,hv,hv75024712,2026-08-27T09:07:37.520Z,"14 km NE of Honaunau-Napoopoo, Hawaii",earthquake,3.13,1.53999996,0.098416093528699,11,automatic,hv,hv
2026-08-27T08:49:34.130Z,38.512166666667,-112.89366666667,2.11,1.19,md,20,90,0.003872,0.07,uu,uu80150596,2026-08-27T17:10:29.350Z,"16 km NE of Milford, Utah",earthquake,0.27,0.28,0.25534460770386,10,reviewed,uu,uu
2026-08-27T08:43:28.582Z,31.678,-104.346,1.9086,1.6,ml,13,74,0.1,0.1,tx,tx2026qvoeos,2026-08-27T14:43:07.431Z,"55 km S of Whites City, New Mexico",earthquake,0.59731199800525,0.69458241800028,0.1,11,reviewed,tx,tx
2026-08-27T08:40:50.040Z,36.063833333333,-117.829,2.76,0.78,ml,21,49,0.05758,0.13,ci,ci41537456,2026-08-27T13:36:54.665Z,"11 km E of Coso Junction, CA",earthquake,0.17,0.56,0.21851705362564,12,reviewed,ci,ci
2026-08-27T08:31:06.880Z,38.510833333333,-112.89233333333,2.02,0.73,md,13,157,0.004428,0.05,uu,uu80150576,2026-08-27T17:03:09.520Z,"16 km NE of Milford, Utah",earthquake,0.32,0.29,0.30416565405008,6,reviewed,uu,uu
2026-08-27T08:22:49.112Z,62.541,-150.801,79.5,2.5,ml,63,23,0,0.6,ak,aka2026qyfxsi,2026-08-27T09:26:43.040Z,"5 km NNW of Petersville, Alaska",earthquake,2.7,2.7566,0.3,8,automatic,ak,ak
2026-08-27T08:13:47.527Z,56.322,-156.939,22.1,2.3,ml,15,231,0.8,0.4,ak,aka2026qyfrjh,2026-08-27T08:14:55.866Z,"90 km E of Chignik, Alaska",earthquake,13,8.603,0.2,5,automatic,ak,ak
2026-08-27T08:08:33.870Z,48.687000274658,-121.95616912842,2.3900001049042,1.7503302693367,ml,10,119,0.1163,0.159999996,uw,uw714088092,2026-08-27T16:20:48.420Z,"18 km N of Hamilton, Washington",earthquake,0.7,1.34000003,0.32639229297638,10,reviewed,uw,uw
2026-08-27T08:08:30.140Z,37.517833709717,-121.82050323486,5.9800000190735,1.61,md,22,79,0.02887,0.05,nc,nc75425877,2026-08-27T10:07:23.187Z,"11 km SSE of Sunol, CA",earthquake,0.21,0.439999998,0.12,18,automatic,nc,nc
2026-08-27T08:07:08.181Z,32.259,-101.946,8.3252,0.8,ml,19,95,0,0.1,tx,tx2026qvmzfk,2026-08-27T16:11:29.022Z,"20 km NW of Stanton, Texas",earthquake,0.61583639181764,1.0583989713882,0.2,15,reviewed,tx,tx
2026-08-27T07:57:38.995Z,32.105,-101.913,9.6924,1.2,ml,19,63,0.1,0.1,tx,tx2026qvmrbq,2026-08-27T16:07:57.705Z,"12 km WSW of Stanton, Texas",earthquake,0.65837270823599,0.75377671359325,0.2,6,reviewed,tx,tx
2026-08-27T07:53:16.410Z,38.757331848145,-122.7251663208,2.4800000190735,1.54,md,22,70,0.004262,0.05,nc,nc75425872,2026-08-27T09:42:20.030Z,"3 km SW of Anderson Springs, CA",earthquake,0.3,0.439999998,0.15,23,automatic,nc,nc
2026-08-27T07:49:21.670Z,53.900833333333,-166.635,9.07,1.16,ml,16,152,0.03493,0.26,av,av94405638,2026-08-27T20:24:11.690Z,"6 km WNW of Dutch Harbor, Alaska",earthquake,0.71,0.74,0.22635363541929,16,reviewed,av,av
2026-08-27T07:42:47.240Z,33.621333333333,-118.35016666667,14.93,1.43,ml,33,142,0.1025,0.17,ci,ci41537448,2026-08-27T15:20:48.068Z,"14 km SSW of San Pedro, CA",earthquake,0.26,0.4,0.18549255449203,29,reviewed,ci,ci
2026-08-27T07:41:50.500Z,35.7735,-117.58183333333,6.28,0.42,ml,14,113,0.04403,0.16,ci,ci41537440,2026-08-27T13:37:26.490Z,"16 km W of Searles Valley, CA",earthquake,0.34,0.64,0.119908452102,8,reviewed,ci,ci
2026-08-27T07:21:57.060Z,19.173334121704,-155.50050354004,30.909999847412,1.81,md,36,104,0.04043,0.200000003,hv,hv75024667,2026-08-27T07:25:26.920Z,"4 km SW of Pāhala, Hawaii",earthquake,0.72,1.16999996,0.15658735673044,14,automatic,hv,hv
2026-08-27T07:18:07.810Z,38.5165,-112.89133333333,3.15,0.92,md,12,172,0.008141,0.06,uu,uu80150566,2026-08-27T16:59:36.130Z,"16 km NE of Milford, Utah",earthquake,0.4,0.38,0.43917722717379,5,reviewed,uu,uu
2026-08-27T07:15:29.110Z,47.711833333333,-123.64083333333,21.97,1.77,ml,24,81,0.2301,0.14,uw,uw714088072,2026-08-27T18:21:35.280Z,"34 km NE of Amanda Park, Washington",earthquake,0.37,2.17,0.080476618881238,6,reviewed,uw,uw
2026-08-27T07:10:58.270Z,38.817001342773,-122.82166290283,1.4700000286102,0.73,md,6,181,0.01108,0.02,nc,nc75425867,2026-08-27T07:57:21.323Z,"7 km NW of The Geysers, CA",earthquake,0.7,1.64999998,0.29,9,automatic,nc,nc
2026-08-27T07:05:04.830Z,57.336,-154.985,68.8,1.9,ml,16,222,0.4,0.6,ak,aka2026qydjxq,2026-08-27T07:06:03.162Z,"41 km SW of Karluk, Alaska",earthquake,9.8,8.7819,0.2,4,automatic,ak,ak
2026-08-27T07:01:38.310Z,33.646333333333,-116.73216666667,13.8,0.72,ml,45,53,0.05364,0.14,ci,ci41537432,2026-08-27T13:38:17.480Z,"10 km S of Idyllwild, CA",earthquake,0.15,0.27,0.1305458892587,23,reviewed,ci,ci
2026-08-27T06:52:10.770Z,19.384,-154.88866666667,-0.22,1.78,ml,38,247,0.07669,0.19,hv,hv75024647,2026-08-27T19:09:48.250Z,"9 km SSE of Leilani Estates, Hawaii",earthquake,1.4,0.49,0.12498424622886,14,reviewed,hv,hv
2026-08-27T06:50:54.790Z,33.622166666667,-118.34733333333,14.79,1.48,ml,39,125,0.1007,0.22,ci,ci41537424,2026-08-27T15:13:30.168Z,"14 km SSW of San Pedro, CA",earthquake,0.28,0.53,0.14974658927037,36,reviewed,ci,ci
2026-08-27T06:48:22.729Z,31.988,-102.37,8.96,1.1,ml,19,88,0,0.2,tx,tx2026qvkjjs,2026-08-27T16:32:34.680Z,"3 km SSE of Gardendale, Texas",earthquake,0.98459532174294,1.909538007324,0.1,7,reviewed,tx,tx
2026-08-27T06:40:35.380Z,33.572333333333,-116.805,5.52,0.32,ml,20,55,0.04024,0.16,ci,ci41537416,2026-08-27T13:37:45.304Z,"12 km W of Anza, CA",earthquake,0.25,0.61,0.12286898185187,8,reviewed,ci,ci
2026-08-27T06:36:43.660Z,33.644833333333,-116.732,13.89,0.85,ml,45,53,0.05416,0.14,ci,ci41537408,2026-08-27T13:38:22.260Z,"11 km S of Idyllwild, CA",earthquake,0.14,0.26,0.15850699619829,25,reviewed,ci,ci
2026-08-27T06:36:26.210Z,38.838001251221,-122.83567047119,1.4700000286102,0.67,md,8,187,0.0006041,0.01,nc,nc75425852,2026-08-27T08:47:26.663Z,"10 km NW of The Geysers, CA",earthquake,0.64,0.74000001,0.39,8,automatic,nc,nc
2026-08-27T06:35:13.240Z,33.644833333333,-116.73283333333,13.51,0.83,ml,49,37,0.05478,0.14,ci,ci41537400,2026-08-27T13:38:12.570Z,"11 km S of Idyllwild, CA",earthquake,0.14,0.26,0.14988309046824,25,reviewed,ci,ci
2026-08-27T06:32:23.900Z,33.642833333333,-116.73766666667,13.83,1.45,ml,78,28,0.05375,0.17,ci,ci41537392,2026-08-27T13:39:32.000Z,"11 km S of Idyllwild, CA",earthquake,0.12,0.21,0.15706424026316,27,reviewed,ci,ci
2026-08-27T06:27:41.380Z,33.648333333333,-116.732,14.97,0.26,ml,8,166,0.0527,0.13,ci,ci10250894,2026-08-27T19:36:21.540Z,"10 km S of Idyllwild, CA",earthquake,0.63,0.94,0.23034310815272,2,reviewed,ci,ci
2026-08-27T06:27:34.530Z,33.648,-116.73183333333,14.34,0.56,ml,33,54,0.0527,0.14,ci,ci41537384,2026-08-27T19:33:51.173Z,"10 km S of Idyllwild, CA",earthquake,0.18,0.31,0.13086777173693,11,reviewed,ci,ci
2026-08-27T06:24:34.480Z,38.510833333333,-112.8895,2.63,1.18,md,9,153,0.006636,0.06,uu,uu80150551,2026-08-27T16:52:31.490Z,"16 km NE of Milford, Utah",earthquake,0.43,0.42,0.27923784855671,3,reviewed,uu,uu
2026-08-27T06:22:40.960Z,33.6515,-116.72133333333,14.47,0.07,ml,7,96,0.04328,0.08,ci,ci10250878,2026-08-27T19:04:03.176Z,"10 km S of Idyllwild, CA",earthquake,0.42,0.8,0.037368188508475,1,reviewed,ci,ci
2026-08-27T06:22:31.030Z,34.083333333333,-117.303,7.46,0.71,ml,30,54,0.02762,0.14,ci,ci41537376,2026-08-27T19:00:59.520Z,"1 km NE of Colton, CA",earthquake,0.18,0.4,0.13409969598477,16,reviewed,ci,ci
2026-08-27T06:22:12.580Z,59.363833333333,-153.42916666667,-0.69,-0.3,ml,4,192,0.008051,0.06,av,av94405563,2026-08-27T20:08:41.810Z,"60 km SE of Pedro Bay, Alaska",earthquake,0.17,0.23,0.28480181806152,4,reviewed,av,av
2026-08-27T06:15:23.293Z,31.643,-104.44,7.6636,1.9,ml,24,73,0,0.3,tx,tx2026qvjgza,2026-08-27T13:41:29.702Z,"59 km S of Whites City, New Mexico",earthquake,1.1848829708158,0.79569107948431,0.1,18,reviewed,tx,tx
2026-08-27T06:14:17.920Z,38.518166666667,-112.88966666667,2.57,1.21,ml,23,45,0.008523,0.07,uu,uu80150546,2026-08-27T15:12:25.990Z,"17 km NE of Milford, Utah",earthquake,0.19,0.29,0.026606478107234,2,reviewed,uu,uu
2026-08-27T06:12:41.676Z,62.559,-152.695,3.1,1.9,ml,19,92,0.4,0.6,ak,aka2026qybqkn,2026-08-27T20:44:01.231Z,"92 km NW of Skwentna, Alaska",earthquake,4.4,3.2373,0.1,14,reviewed,ak,ak
2026-08-27T06:08:38.360Z,33.649,-116.73,14.07,0.58,ml,33,54,0.0509,0.14,ci,ci41537368,2026-08-27T13:38:35.626Z,"10 km S of Idyllwild, CA",earthquake,0.18,0.32,0.14180919753131,12,reviewed,ci,ci
2026-08-27T06:07:59.900Z,33.643333333333,-116.73666666667,13.56,1.21,ml,68,30,0.05455,0.19,ci,ci41537360,2026-08-27T13:39:26.820Z,"11 km S of Idyllwild, CA",earthquake,0.15,0.26,0.13385264872079,26,reviewed,ci,ci
2026-08-27T06:07:52.560Z,33.6465,-116.73133333333,13.47,0.81,ml,26,54,0.05293,0.09,ci,ci41537352,2026-08-27T13:38:39.650Z,"10 km S of Idyllwild, CA",earthquake,0.16,0.29,0.18837380893272,11,reviewed,ci,ci
2026-08-27T06:06:31.851Z,32.006,-102.354,5.4772,0.8,ml,7,121,0.1,0.4,tx,tx2026qvizda,2026-08-27T06:09:33.864Z,"2 km ESE of Gardendale, Texas",earthquake,0,5.2485809326172,0.5,7,automatic,tx,tx
2026-08-27T06:02:15.010Z,19.892,-155.5695,-2.11,2.46,ml,29,185,0.08988,0.36,hv,hv75024632,2026-08-27T19:17:50.000Z,"18 km SE of Waimea, Hawaii",earthquake,0.92,0.32,0.16253023106293,8,reviewed,hv,hv
2026-08-27T05:53:12.896Z,-22.9043,-66.1304,259.717,4.3,mb,18,135,1.889,0.87,us,us7000tc7m,2026-08-27T09:20:44.040Z,"48 km WSW of Abra Pampa, Argentina",earthquake,11.4,14.182,0.188,8,reviewed,us,us
2026-08-27T05:44:26.043Z,24.2906,142.7624,10,5.3,mb,74,96,9.449,0.86,us,us7000tc7l,2026-08-27T06:00:50.040Z,"Volcano Islands, Japan region",earthquake,10.78,1.855,0.035,276,reviewed,us,us
2026-08-27T05:40:41.370Z,61.729,-150.276,7.4,1.7,ml,31,49,0.3,0.7,ak,aka2026qyaoqu,2026-08-27T20:17:47.103Z,"12 km W of Willow, Alaska",earthquake,2.4,2.1221,0.2,25,reviewed,ak,ak
2026-08-27T05:37:20.116Z,57.078,-156.74,2.3,2,ml,23,125,0.6,0.6,ak,aka2026qyalto,2026-08-27T20:15:43.117Z,"62 km SE of Ugashik, Alaska",earthquake,4.9,2.9965,0.1,18,reviewed,ak,ak
2026-08-27T05:33:03.520Z,53.389166666667,-168.23516666667,4.17,0.74,ml,7,265,0.05479,0.14,av,av94405503,2026-08-27T20:02:40.470Z,"65 km NE of Nikolski, Alaska",earthquake,0.77,1.78,0.27077601558178,7,reviewed,av,av
2026-08-27T05:32:34.518Z,28.911,-98.947,5.7799,1.3,ml,17,67,0.1,0.4,tx,tx2026qvhwcq,2026-08-27T13:18:53.014Z,"14 km E of North Pearsall, Texas",earthquake,2.5178376035938,1.6888553386965,0.1,6,reviewed,tx,tx
2026-08-27T05:29:34.640Z,46.047666666667,-122.42516666667,13.8,0.89,md,10,132,0.1153,0.11,uw,uw714088052,2026-08-27T20:19:20.760Z,"15 km N of Amboy, Washington",earthquake,0.41,1.2,0.29501230107856,8,reviewed,uw,uw
2026-08-27T05:16:59.780Z,38.799667358398,-122.81433105469,3.1500000953674,0.8,md,12,79,0.01434,0.02,nc,nc75425837,2026-08-27T07:27:22.129Z,"6 km WNW of The Geysers, CA",earthquake,0.37,0.930000007,0.3,13,automatic,nc,nc
2026-08-27T05:13:41.959Z,61.544,-146.462,23.4,1.7,ml,31,57,0.3,0.8,ak,aka2026qxzrgm,2026-08-27T20:13:32.612Z,"46 km N of Valdez, Alaska",earthquake,2.7,2.1839,0.1,24,reviewed,ak,ak
2026-08-27T05:11:29.354Z,52.264,-168.954,26.5,2.3,ml,9,284,0.7,0.3,ak,aka2026qxzphz,2026-08-27T20:11:34.710Z,"75 km S of Nikolski, Alaska",earthquake,13,6.7744,0.1,8,reviewed,ak,ak
2026-08-27T05:09:23.826Z,59.819,-152.498,87.3,2.6,ml,121,63,0.3,0.7,ak,aka2026qxznno,2026-08-27T20:09:28.865Z,"37 km W of Anchor Point, Alaska",earthquake,2.3,1.5946,0.2,89,reviewed,ak,ak
2026-08-27T05:00:24.760Z,38.81233215332,-122.81816864014,2.8800001144409,1.07,md,17,55,0.009271,0.03,nc,nc75425832,2026-08-27T05:42:22.455Z,"7 km NW of The Geysers, CA",earthquake,0.25,0.540000021,0.27,19,automatic,nc,nc
2026-08-27T04:55:32.431Z,51.578,178.644,72.8,2.8,ml,12,232,0.4,0.6,ak,aka2026qxzbmz,2026-08-27T19:52:21.965Z,"Rat Islands, Aleutian Islands, Alaska",earthquake,11.4,4.8435,0.2,10,reviewed,ak,ak
2026-08-27T04:54:19.780Z,36.062666666667,-117.83266666667,3.67,0.82,ml,22,58,0.05767,0.14,ci,ci41537344,2026-08-27T05:02:29.306Z,"11 km E of Coso Junction, CA",earthquake,0.19,0.34,0.24059731581791,11,reviewed,ci,ci
2026-08-27T04:52:44.850Z,38.81233215332,-122.81816864014,2.789999961853,0.94,md,20,54,0.009271,0.02,nc,nc75425827,2026-08-27T07:07:21.990Z,"7 km NW of The Geysers, CA",earthquake,0.27,0.460000008,0.21,22,automatic,nc,nc
2026-08-27T04:49:51.576Z,54.559,-160.113,5.7,2.5,ml,22,251,1.2,0.6,ak,aka2026qxywqw,2026-08-27T19:50:39.172Z,"89 km SSE of Sand Point, Alaska",earthquake,6.1,3.4819,0.1,18,reviewed,ak,ak
2026-08-27T04:49:12.780Z,35.715666666667,-117.5575,6.91,0.4,ml,17,68,0.105,0.14,ci,ci41537336,2026-08-27T05:03:01.095Z,"15 km NE of Ridgecrest, CA",earthquake,0.29,0.62,0.15151300446083,7,reviewed,ci,ci
2026-08-27T04:46:55.333Z,60.95,-152.31,118.6,1.7,ml,38,54,0.3,0.7,ak,aka2026qxyuas,2026-08-27T19:44:35.155Z,"62 km WNW of Nikiski, Alaska",earthquake,3.4,2.8109,0.3,30,reviewed,ak,ak
2026-08-27T04:43:01.423Z,52.355,-169.816,14.1,2.2,ml,10,296,0.4,0.5,ak,aka2026qxyqrj,2026-08-27T19:41:49.393Z,"91 km SW of Nikolski, Alaska",earthquake,9.8,4.0415,0.1,8,reviewed,ak,ak
2026-08-27T04:37:42.840Z,19.378999710083,-154.85583496094,2.0599999427795,1.74,ml,16,272,0.09653,0.150000006,hv,hv75024597,2026-08-27T04:41:27.660Z,"11 km SSE of Leilani Estates, Hawaii",earthquake,2.7,2.42000008,1.31,3,automatic,hv,hv
2026-08-27T04:34:10.530Z,33.517666666667,-116.73883333333,3.07,0.38,ml,31,37,0.04759,0.12,ci,ci41537328,2026-08-27T13:42:54.510Z,"7 km SW of Anza, CA",earthquake,0.13,0.4,0.067915480154217,7,reviewed,ci,ci
2026-08-27T04:31:50.080Z,38.793167114258,-122.9023361206,4.4099998474121,1.13,md,15,202,0.03274,0.02,nc,nc75425817,2026-08-27T06:32:21.755Z,"10 km E of Cloverdale, CA",earthquake,0.59,1.00999999,0.25,16,automatic,nc,nc
2026-08-27T04:29:56.610Z,33.516,-116.73683333333,4.43,0.36,ml,24,38,0.04924,0.17,ci,ci41537320,2026-08-27T13:42:12.668Z,"7 km SW of Anza, CA",earthquake,0.2,0.47,0.062727556245542,7,reviewed,ci,ci
2026-08-27T04:29:41.010Z,45.650833333333,-111.60933333333,3.51,1.89,ml,19,92,0.05573,0.16,mb,mb90206178,2026-08-27T15:06:24.350Z,"14 km ESE of Harrison, Montana",earthquake,0.31,0.51,0.19324574794392,19,reviewed,mb,mb
2026-08-27T04:29:34.869Z,32,-102.379,3.2959,0.5,ml,15,80,0,0.2,tx,tx2026qvftoy,2026-08-27T08:30:55.485Z,"2 km S of Gardendale, Texas",earthquake,1.4536859667018,2.2694625481407,0.1,8,reviewed,tx,tx
2026-08-27T04:29:28.080Z,38.787998199463,-122.90816497803,5.1100001335144,1.98,md,45,61,0.03849,0.05,nc,nc75425812,2026-08-27T06:07:22.608Z,"10 km ESE of Cloverdale, CA",earthquake,0.19,0.409999996,0.15,42,automatic,nc,nc
2026-08-27T04:28:09.220Z,33.414166666667,-116.60483333333,11.26,0.46,ml,31,37,0.07217,0.12,ci,ci41537312,2026-08-27T13:39:57.614Z,"15 km N of Warner Springs, CA",earthquake,0.17,0.37,0.11764246287162,10,reviewed,ci,ci
2026-08-27T04:19:08.168Z,-22.5672,-20.2977,10,5.1,mb,67,43,19.918,0.96,us,us7000tc56,2026-08-27T04:34:12.040Z,"South Atlantic Ocean",earthquake,11.24,1.863,0.078,53,reviewed,us,us
2026-08-27T03:56:53.780Z,33.7875,-116.183,6.18,1.01,ml,42,69,0.03339,0.2,ci,ci41537304,2026-08-27T05:05:10.920Z,"8 km NNE of Indio, CA",earthquake,0.27,0.51,0.12770311073862,24,reviewed,ci,ci
2026-08-27T03:52:11.099Z,52.029,-169.661,4.5,2.4,ml,11,305,0.8,0.6,ak,aka2026qxwyst,2026-08-27T16:47:39.309Z,"114 km SSW of Nikolski, Alaska",earthquake,21.2,7.4723,0.1,8,reviewed,ak,ak
2026-08-27T03:49:35.572Z,57.074,-156.746,6,1.9,ml,22,126,0.6,0.3,ak,aka2026qxwwia,2026-08-27T16:46:08.589Z,"62 km SE of Ugashik, Alaska",earthquake,8.1,3.1363,0.2,16,reviewed,ak,ak
2026-08-27T03:47:39.010Z,34.821333333333,-118.89166666667,9.38,1.16,ml,35,40,0.02397,0.19,ci,ci41537296,2026-08-27T13:40:38.940Z,"3 km SW of Lebec, CA",earthquake,0.23,0.41,0.260272505816,31,reviewed,ci,ci
2026-08-27T03:46:51.040Z,38.818832397461,-122.77033233643,0.31000000238419,0.95,md,10,91,0.009817,0.03,nc,nc75425802,2026-08-27T05:37:23.432Z,"4 km W of Cobb, CA",earthquake,0.3,0.610000014,0.21,10,automatic,nc,nc
2026-08-27T03:46:20.900Z,40.376333333333,-110.95733333333,1.6,1.58,ml,20,100,0.219,0.17,uu,uu80150531,2026-08-27T15:07:00.420Z,"21 km W of Tabiona, Utah",earthquake,0.41,31.61,0.049038944793353,2,reviewed,uu,uu
2026-08-27T03:42:09.589Z,35.89483333,-97.35733333,6.92,1.13,ml,69,34,0.06928640364,0.18,ok,ok2026qtdb,2026-08-27T12:02:59.553Z,"6 km ENE of Guthrie, Oklahoma",earthquake,,0.3,0.23,33,reviewed,ok,ok
2026-08-27T03:38:59.497Z,32.35,-102.051,6.8115,0.1,ml,19,58,0,0.2,tx,tx2026qvecek,2026-08-27T13:41:33.252Z,"34 km NW of Stanton, Texas",earthquake,0.66563926097992,1.0115733234986,0.2,10,reviewed,tx,tx
2026-08-27T03:36:18.220Z,32.141833333333,-115.77816666667,6.21,2.56,ml,27,51,0.1465,0.2,ci,ci41537288,2026-08-27T14:57:24.619Z,"52 km SSW of Progreso, B.C., MX",earthquake,0.27,1.68,0.20318379707834,64,reviewed,ci,ci
2026-08-27T03:33:44.320Z,33.504666666667,-116.448,4.84,0.82,ml,50,32,0.1292,0.18,ci,ci41537280,2026-08-27T13:40:14.956Z,"22 km ESE of Anza, CA",earthquake,0.16,0.56,0.15465110139936,21,reviewed,ci,ci
2026-08-27T03:27:35.100Z,38.833831787109,-122.81649780273,1.6000000238419,0.71,md,13,58,0.01157,0.03,nc,nc75425797,2026-08-27T05:12:24.274Z,"8 km NW of The Geysers, CA",earthquake,0.28,0.639999986,0.48,13,automatic,nc,nc
2026-08-27T03:18:35.010Z,54.555833333333,-164.66133333333,14.08,0.44,ml,4,128,0.04971,0.2,av,av93066299,2026-08-27T19:47:09.580Z,"86 km ENE of Akutan, Alaska",earthquake,1.18,1.69,0.65150831890212,4,reviewed,av,av
2026-08-27T03:17:28.531Z,60.603,-149.102,6.3,1.8,ml,33,74,0.5,0.7,ak,aka2026qxvumj,2026-08-27T16:42:56.474Z,"19 km NE of Moose Pass, Alaska",earthquake,2.3,1.6382,0.1,24,reviewed,ak,ak
2026-08-27T03:15:03.410Z,33.704333333333,-116.8165,15.58,0.79,ml,28,62,0.08558,0.13,ci,ci41537264,2026-08-27T13:40:18.948Z,"9 km SE of Valle Vista, CA",earthquake,0.25,0.42,0.20505436693861,16,reviewed,ci,ci
2026-08-27T03:11:20.670Z,37.988998413086,-122.07083129883,10.510000228882,1.16,md,6,175,0.05752,0.02,nc,nc75425787,2026-08-27T04:47:25.106Z,"1 km NNE of Pacheco, CA",earthquake,0.83,1.27999997,0.1,6,automatic,nc,nc
2026-08-27T03:04:06.430Z,60.018,-153.05283333333,3.09,-0.86,ml,5,102,0.01733,0.19,av,av94405368,2026-08-27T19:32:09.690Z,"64 km ENE of Pedro Bay, Alaska",earthquake,0.77,1.94,0.20633458864106,5,reviewed,av,av
2026-08-27T02:52:09.170Z,33.4405,-117.1185,14.45,0.97,ml,30,51,0.04697,0.15,ci,ci41537256,2026-08-27T18:45:48.414Z,"7 km SSE of Temecula, CA",earthquake,0.23,0.48,0.15318903853527,10,reviewed,ci,ci
2026-08-27T02:52:00.860Z,33.781333333333,-116.17083333333,7.16,0.89,ml,16,160,0.04494,0.13,ci,ci10250854,2026-08-27T18:51:23.833Z,"8 km NNE of Indio, CA",earthquake,0.37,0.51,0.15702839331597,17,reviewed,ci,ci
2026-08-27T02:49:50.389Z,57.102,-156.733,0.8,2.1,ml,32,122,0.6,0.5,ak,aka2026qxuwrm,2026-08-27T16:25:35.873Z,"60 km SE of Ugashik, Alaska",earthquake,4.9,2.5711,0.1,24,reviewed,ak,ak
2026-08-27T02:40:45.607Z,60.547,-140.004,17.8,1.5,ml,11,86,0.5,0.7,ak,aka2026qxuoqt,2026-08-27T15:51:09.818Z,"112 km N of Yakutat, Alaska",earthquake,5.7,3.9766,0.2,8,reviewed,ak,ak
2026-08-27T02:28:09.990Z,33.157333333333,-116.5255,5.77,0.47,ml,30,41,0.09723,0.2,ci,ci41537248,2026-08-27T13:40:34.117Z,"11 km NE of Julian, CA",earthquake,0.21,0.85,0.10555878063743,9,reviewed,ci,ci
2026-08-27T02:25:21.590Z,38.812168121338,-122.82066345215,3.170000076294,0.79,md,15,56,0.007424,0.01,nc,nc75425772,2026-08-27T02:47:28.301Z,"7 km NW of The Geysers, CA",earthquake,0.31,0.709999979,0.16,15,automatic,nc,nc
2026-08-27T02:20:09.190Z,31.793,-103.74,7.8943,1.1,ml,14,57,0.1,0.1,tx,tx2026qvbmgo,2026-08-27T10:53:20.844Z,"16 km NW of Mentone, Texas",earthquake,0.5492745471707,1.1250825362116,0.2,5,reviewed,tx,tx
2026-08-27T02:19:03.600Z,34.0845,-117.29916666667,7.52,0.92,ml,38,38,0.02484,0.15,ci,ci41537240,2026-08-27T18:30:09.537Z,"2 km NE of Colton, CA",earthquake,0.16,0.39,0.1584995597878,19,reviewed,ci,ci
2026-08-27T02:13:31.860Z,37.60599899292,-122.47899627685,9.6099996566772,2.28,md,58,59,0.02683,0.08,nc,nc75425767,2026-08-27T15:44:14.469Z,"1 km SE of Pacifica, CA",earthquake,0.16,0.25,0.17,57,automatic,nc,nc
2026-08-27T02:11:49.446Z,57.04,-156.69,4.3,2,ml,26,169,0.6,0.5,ak,aka2026qxtppe,2026-08-27T15:49:59.892Z,"67 km SE of Ugashik, Alaska",earthquake,5.6,3.2967,0.1,20,reviewed,ak,ak
2026-08-27T02:10:57.370Z,18.0035,-66.7395,12.66,2.32,md,13,173,0.1327,0.08,pr,pr71530043,2026-08-27T10:36:00.180Z,"2 km WNW of Tallaboa, Puerto Rico",earthquake,0.43,0.33,0.1085811886921,8,reviewed,pr,pr
2026-08-27T02:10:50.305Z,57.05,-156.665,3.1,2,ml,20,169,0.6,0.5,ak,aka2026qxtosr,2026-08-27T15:45:42.146Z,"67 km SE of Ugashik, Alaska",earthquake,7.2,6.5165,0.1,24,reviewed,ak,ak
2026-08-27T02:09:55.020Z,19.4715,-155.45766666667,-0.18,1.85,ml,47,45,0.05803,0.14,hv,hv75024547,2026-08-27T19:33:22.220Z,"23 km W of Volcano, Hawaii",earthquake,0.22,0.42,0.28736745334208,31,reviewed,hv,hv
2026-08-27T02:04:20.206Z,32.423,-102.036,6.9092,0.2,ml,15,83,0,0.2,tx,tx2026qvayob,2026-08-27T11:54:42.311Z,"32 km WSW of Ackerly, Texas",earthquake,0.8736965259731,1.2326770496747,0.1,6,reviewed,tx,tx
2026-08-27T02:02:52.330Z,33.109166666667,-116.63416666667,16.04,0.98,ml,59,27,0.04165,0.2,ci,ci41537232,2026-08-27T13:41:44.210Z,"5 km NW of Julian, CA",earthquake,0.18,0.37,0.23057489478683,26,reviewed,ci,ci
2026-08-27T02:02:01.150Z,32.291,-101.852,5.3223,0.6,ml,39,32,0,0.2,tx,tx2026qvawne,2026-08-27T08:55:55.847Z,"18 km NNW of Stanton, Texas",earthquake,0.38051754345857,0.62090016629903,0.1,13,reviewed,tx,tx
2026-08-27T01:57:33.904Z,57.052,-156.723,1.9,1.7,ml,10,218,0.6,0.4,ak,aka2026qxtdfi,2026-08-27T15:40:40.594Z,"65 km SE of Ugashik, Alaska",earthquake,11.6,7.292,0.1,5,reviewed,ak,ak
2026-08-27T01:54:39.454Z,50.976,-173.131,14.9,2.8,ml,13,248,1.4,0.5,ak,aka2026qxtasy,2026-08-27T15:39:18.338Z,"154 km SSE of Atka, Alaska",earthquake,17.8,10.8496,0.1,11,reviewed,ak,ak
2026-08-27T01:49:36.573Z,31.607,-103.958,7.8943,1.6,ml,35,53,0,0.1,tx,tx2026qvalus,2026-08-27T08:03:10.705Z,"35 km WSW of Mentone, Texas",earthquake,0.42473777862575,0.40788119904888,0.1,18,reviewed,tx,tx
2026-08-27T01:47:21.643Z,31.616,-104.113,6.0999,1.8,ml,47,52,0,0.2,tx,tx2026qvajxf,2026-08-27T07:31:31.674Z,"45 km NW of Toyah, Texas",earthquake,0.48048522914592,0.3747833303626,0.1,24,reviewed,tx,tx
2026-08-27T01:42:52.337Z,32.855,-100.965,4.4434,0.5,ml,9,81,0,0.1,tx,tx2026qvagcn,2026-08-27T08:40:07.199Z,"15 km NNW of Snyder, Texas",earthquake,0.67550286500701,1.177626135782,0.2,7,reviewed,tx,tx
2026-08-27T01:41:37.010Z,19.191,-68.8455,10.5,3.44,md,6,194,0.3384,0.2,pr,pr71530033,2026-08-27T02:37:36.040Z,"31 km NE of Miches, Dominican Republic",earthquake,1.02,2.17,0.025175276597352,5,reviewed,pr,pr
2026-08-27T01:31:02.588Z,31.608,-103.958,7.8943,1.7,ml,39,48,0,0.2,tx,tx2026quztny,2026-08-27T07:45:30.606Z,"35 km WSW of Mentone, Texas",earthquake,0.45888304994359,0.42361905405912,0.2,20,reviewed,tx,tx
2026-08-27T01:24:13.770Z,37.840666666667,-113.26566666667,7.22,1.14,ml,6,259,0.148,0.11,uu,uu80150526,2026-08-27T13:47:34.700Z,"22 km WNW of Enoch, Utah",earthquake,1.48,3.22,0.095072794965917,4,reviewed,uu,uu
2026-08-27T01:18:18.440Z,38.825500488281,-122.83966827393,11.300000190735,0.78,md,8,220,0.004335,0.07,nc,nc75425732,2026-08-27T01:19:57.320Z,"9 km NW of The Geysers, CA",earthquake,2.05,9.18999958,0.12,10,automatic,nc,nc
2026-08-27T01:16:00.010Z,53.886,-166.93366666667,5.54,0.49,ml,8,195,0.06872,0.12,av,av94405233,2026-08-27T19:25:38.350Z,"25 km W of Dutch Harbor, Alaska",earthquake,0.43,0.66,0.33526447375598,8,reviewed,av,av
2026-08-27T01:09:06.195Z,62.613,-150.594,76,2.4,ml,61,31,0.1,0.8,ak,aka2026qxrndc,2026-08-27T15:35:24.503Z,"15 km NE of Petersville, Alaska",earthquake,2.3,3.0814,0.2,42,reviewed,ak,ak
2026-08-27T01:07:18.809Z,32.314,-101.609,6.2744,0.1,ml,12,88,0,0.2,tx,tx2026quzbdm,2026-08-27T12:57:17.190Z,"14 km WNW of Big Spring, Texas",earthquake,1.0821913402127,1.1428837503524,0.1,4,reviewed,tx,tx
2026-08-27T01:05:36.070Z,35.6935,-117.50016666667,5.01,0.54,ml,13,113,0.06839,0.09,ci,ci41537224,2026-08-27T18:13:02.477Z,"12 km SW of Searles Valley, CA",earthquake,0.29,0.29,0.10129036586031,7,reviewed,ci,ci
2026-08-27T01:05:31.517Z,53.157,-166.624,38.5,2,ml,20,233,0.7,0.4,ak,aka2026qxrkdt,2026-08-27T15:32:02.226Z,"80 km S of Unalaska, Alaska",earthquake,7.6,8.8933,0.1,14,reviewed,ak,ak
2026-08-27T01:03:54.888Z,39.3341,-119.0274,8.4351,1.75,ml,15,55,0.076,0.0784,nn,nn00923913,2026-08-27T04:33:09.228Z,"19 km ESE of Silver Springs, Nevada",earthquake,,1.0653,0.34,11,reviewed,nn,nn
2026-08-27T00:56:06.350Z,53.3855,-168.18933333333,1.83,-0.54,ml,6,135,0.0334,0.26,av,av93066294,2026-08-27T19:13:07.600Z,"67 km NE of Nikolski, Alaska",earthquake,0.59,2.46,0.18656291260828,6,reviewed,av,av
2026-08-27T00:40:40.800Z,38.833332061768,-122.78399658203,2.6400001049042,0.83,md,6,147,0.007091,0.02,nc,nc75425727,2026-08-27T00:42:18.121Z,"5 km WNW of Cobb, CA",earthquake,0.54,0.889999986,0.17,9,automatic,nc,nc
2026-08-27T00:26:08.095Z,58.983,-152.71,63.4,2.3,ml,67,89,0.4,0.7,ak,aka2026qxqblc,2026-08-27T15:27:18.927Z,"61 km SW of Nanwalek, Alaska",earthquake,2.9,2.8241,0.1,49,reviewed,ak,ak
2026-08-27T00:24:53.370Z,37.299166666667,-112.69833333333,5.95,1.52,md,6,110,0.2759,0.09,uu,uu80150521,2026-08-27T13:50:02.460Z,"5 km WNW of Orderville, Utah",earthquake,0.44,31.61,0.31092402503155,6,reviewed,uu,uu
2026-08-27T00:13:38.969Z,56.287,-156.559,11.4,2.2,ml,13,243,1,0.3,ak,aka2026qxprdu,2026-08-27T15:19:13.162Z,"114 km E of Chignik, Alaska",earthquake,8.2,5.7322,0.2,10,reviewed,ak,ak
2026-08-27T00:10:43.833Z,54.397,-161.732,3.6,2.3,ml,21,235,0.7,0.4,ak,aka2026qxpoor,2026-08-27T15:18:13.639Z,"83 km SSE of King Cove, Alaska",earthquake,6.2,3.1871,0.2,16,reviewed,ak,ak
2026-08-26T23:51:10.455Z,31.606,-103.955,8.1122,2,ml,27,66,0,0.1,tx,tx2026quwnvj,2026-08-27T14:55:10.590Z,"35 km WSW of Mentone, Texas",earthquake,0.47370870915313,0.38318043572567,0.1,24,reviewed,tx,tx
2026-08-26T23:45:24.790Z,33.708833333333,-116.761,15.77,0.58,ml,20,77,0.03911,0.12,ci,ci41537208,2026-08-27T15:30:20.437Z,"5 km SW of Idyllwild, CA",earthquake,0.26,0.43,0.20499395443263,5,reviewed,ci,ci
2026-08-26T23:41:49.160Z,39.237167358398,-123.19666290283,4.9000000953674,1.36,md,8,106,0.06751,0.05,nc,nc75425697,2026-08-27T01:42:20.854Z,"3 km SSE of Redwood Valley, CA",earthquake,0.43,1.36000001,0.26,7,automatic,nc,nc
2026-08-26T23:40:58.600Z,46.198333333333,-122.18916666667,5.54,0.81,ml,19,58,0.003158,0.1,uw,uw714087892,2026-08-27T17:03:30.330Z,"37 km NNE of Amboy, Washington",earthquake,0.26,0.34,0.1947792709827,2,reviewed,uw,uw
2026-08-26T23:32:51.200Z,34.42516667,-97.471,4.91,1.87,ml,95,41,0.06118799283,0.43,ok,ok2026qsuv,2026-08-27T00:09:29.780Z,"4 km SE of Ratliff City, Oklahoma",earthquake,,0.9,0.26,43,reviewed,ok,ok
2026-08-26T23:26:28.940Z,35.0365,-117.67233333333,-0.82,1.45,ml,28,83,0.1038,0.14,ci,ci41537200,2026-08-27T15:48:02.427Z,"5 km NNW of Boron, CA",quarry blast,0.31,31.61,0.13600901565602,29,reviewed,ci,ci
2026-08-26T23:08:51.400Z,38.847332000732,-122.83550262451,13.460000038147,0.88,md,8,231,0.00873,0.07,nc,nc75425682,2026-08-26T23:47:27.077Z,"10 km WNW of Cobb, CA",earthquake,2.35,8.89000034,0.13,12,automatic,nc,nc
2026-08-26T23:04:59.120Z,47.5105,-121.78566666667,19.21,1.32,ml,14,145,0.06123,0.11,uw,uw714087842,2026-08-27T17:09:16.620Z,"1 km N of North Bend, Washington",earthquake,0.63,0.42,0.18880159885445,4,reviewed,uw,uw
2026-08-26T22:52:44.280Z,19.067499160767,-155.35433959961,30.370000839233,2.13,md,32,241,0.1343,0.150000006,hv,hv75024492,2026-08-26T22:56:28.330Z,"19 km SE of Pāhala, Hawaii",earthquake,0.75,1.08000004,0.12984326574707,13,automatic,hv,hv
2026-08-26T22:43:20.010Z,38.506666666667,-112.88983333333,2.13,0.85,md,9,107,0.005664,0.04,uu,uu80150506,2026-08-27T16:48:42.890Z,"16 km NE of Milford, Utah",earthquake,0.46,0.34,0.32916566279407,3,reviewed,uu,uu
2026-08-26T22:38:32.484Z,61.803,-149.7,21.4,2.1,ml,19,112,0.3,0.8,ak,aka2026qxmmqh,2026-08-26T22:45:19.350Z,"18 km ENE of Willow, Alaska",earthquake,5.1,4.25,0.1,5,automatic,ak,ak
2026-08-26T22:36:52.680Z,38.508666666667,-112.88833333333,2.3,0.78,md,10,130,0.0072,0.06,uu,uu80150501,2026-08-26T22:51:56.170Z,"16 km NE of Milford, Utah",earthquake,0.41,0.36,0.41779657576708,3,reviewed,uu,uu
2026-08-26T22:35:57.610Z,38.822334289551,-122.84383392334,1.6900000572205,1.48,md,30,55,0.006921,0.03,nc,nc75425672,2026-08-27T00:27:24.342Z,"9 km WNW of The Geysers, CA",earthquake,0.18,0.25999999,0.15,28,automatic,nc,nc
2026-08-26T22:29:56.598Z,31.662,-104.311,6.8176,1.7,ml,21,68,0,0.1,tx,tx2026qutvgu,2026-08-27T15:13:31.843Z,"57 km S of Whites City, New Mexico",earthquake,0.75851117226875,0.7604660858947,0.1,20,reviewed,tx,tx
2026-08-26T22:18:49.460Z,34.635166666667,-117.3065,-0.27,0.95,ml,22,75,0.07674,0.17,ci,ci41537176,2026-08-27T18:10:01.076Z,"11 km ENE of Adelanto, CA",quarry blast,0.36,1.08,0.13027176332685,17,reviewed,ci,ci
2026-08-26T22:18:46.730Z,36.062666666667,-117.84733333333,3.23,1.16,ml,18,101,0.05514,0.1,ci,ci41537168,2026-08-26T23:05:52.256Z,"9 km ENE of Coso Junction, CA",earthquake,0.16,0.32,0.19958611148261,17,reviewed,ci,ci
2026-08-26T22:15:03.360Z,46.856666666667,-112.5365,10.21,1.31,ml,5,145,0.05462,0.05,mb,mb90206198,2026-08-27T15:01:53.960Z,"15 km SE of Lincoln, Montana",earthquake,0.62,0.37,0.16557691931449,9,reviewed,mb,mb
2026-08-26T22:14:38.420Z,33.649833333333,-116.70333333333,13.85,0.28,ml,14,60,0.03112,0.11,ci,ci41537160,2026-08-26T23:02:49.774Z,"10 km S of Idyllwild, CA",earthquake,0.27,0.59,0.090050970642399,7,reviewed,ci,ci
2026-08-26T22:07:25.290Z,31.705,-101.741,7.0801,0.2,ml,14,80,0,0.1,tx,tx2026qutcls,2026-08-27T17:47:08.481Z,"30 km SW of Garden City, Texas",earthquake,0.78323136344274,0.85694935657271,0.2,6,reviewed,tx,tx
2026-08-26T22:03:30.140Z,33.245166666667,-116.063,1.97,1.52,ml,52,37,0.07343,0.22,ci,ci41537152,2026-08-26T22:51:40.020Z,"12 km WSW of Salton City, CA",earthquake,0.17,0.38,0.20112015471703,26,reviewed,ci,ci
2026-08-26T21:57:06.390Z,36.437831878662,-121.02383422852,8.4399995803833,1.42,md,10,147,0.03257,0.1,nc,nc75425667,2026-08-27T00:07:24.220Z,"15 km SE of Pinnacles, CA",earthquake,0.62,1.03999996,0.26,8,automatic,nc,nc
2026-08-26T21:54:40.270Z,52.091833333333,-176.165,1.84,0.77,ml,5,273,0.03806,0.29,av,av94405003,2026-08-27T04:11:24.430Z,"40 km NE of Adak, Alaska",earthquake,1.41,1.66,0.21006549744117,5,reviewed,av,av
2026-08-26T21:50:19.900Z,19.049667358398,-155.35366821289,31.389999389648,2.01,md,26,215,0.1469,0.170000002,hv,hv75024482,2026-08-26T21:53:54.550Z,"21 km SE of Pāhala, Hawaii",earthquake,1.02,0.889999986,0.17433107746582,12,automatic,hv,hv
2026-08-26T21:47:20.969Z,22.8296,121.4502,42.104,4.6,mwr,48,103,0.342,0.69,us,us7000tc37,2026-08-27T12:52:14.370Z,"106 km ESE of Yujing, Taiwan",earthquake,6.38,4.78,0.057,30,reviewed,us,us
2026-08-26T21:46:24.390Z,33.7985,-116.87783333333,14.32,0.67,ml,16,78,0.1176,0.1,ci,ci41537136,2026-08-26T22:28:02.997Z,"6 km NNE of Valle Vista, CA",earthquake,0.31,0.66,0.17059663102164,7,reviewed,ci,ci
2026-08-26T21:31:30.820Z,49.365833333333,-120.4985,0.66,2.04,ml,15,181,0.5727,0.33,uw,uw714088491,2026-08-27T16:50:53.670Z,"10 km S of Princeton, Canada",earthquake,3.55,6.85,0.11821319134869,9,reviewed,uw,uw
2026-08-26T21:08:11.150Z,38.817665100098,-122.82683563232,4.2199997901917,0.73,md,6,230,0.008402,0.05,nc,nc75425642,2026-08-26T22:17:29.468Z,"8 km NW of The Geysers, CA",earthquake,2.07,1.20000005,0.1,9,automatic,nc,nc
2026-08-26T21:08:00.580Z,38.847332000732,-122.84983062744,1.5700000524521,1.05,md,20,105,0.0142,0.03,nc,nc75425637,2026-08-26T23:17:24.847Z,"11 km NW of The Geysers, CA",earthquake,0.23,0.379999995,0.1,22,automatic,nc,nc
2026-08-26T21:05:55.759Z,36.239,-95.81416667,0,1.13,ml,16,207,0.3284355497,0.51,ok,ok2026qspz,2026-08-27T15:20:53.478Z,"4 km SE of Owasso, Oklahoma",quarry blast,,1.4,0.1,7,reviewed,ok,ok
2026-08-26T20:59:47.860Z,38.838832855225,-122.81733703613,1.1799999475479,0.69,md,7,120,0.01418,0.01,nc,nc75425627,2026-08-26T21:47:27.173Z,"8 km WNW of Cobb, CA",earthquake,0.35,1.16999996,0.09,9,automatic,nc,nc
2026-08-26T20:48:07.407Z,31.658,-104.305,7.0227,2.1,ml,35,68,0,0.2,tx,tx2026quqlha,2026-08-26T23:21:34.289Z,"57 km S of Whites City, New Mexico",earthquake,0.60304457871653,0.75829215025606,0.1,27,reviewed,tx,tx
2026-08-26T20:46:44.154Z,32.427,-102.293,7.251,1.8,ml,34,86,0.1,0.1,tx,tx2026quqkyj,2026-08-26T23:26:34.371Z,"26 km ENE of McKinney Acres, Texas",earthquake,0.54187075585887,1.1260209205744,0.2,49,reviewed,tx,tx
